"YEAR","state","Gender","Education","Number_Yes","Sample_Size","TopicDesc","MeasureDesc","Response"
2000,"Alabama","Female","High School",227,816,"Cigarette Use (Youth)","Smoking Status","Current"
2000,"Alabama","Female","Middle School",121,771,"Cigarette Use (Youth)","Smoking Status","Current"
2000,"Alabama","Male","High School",229,704,"Cigarette Use (Youth)","Smoking Status","Current"
2000,"Alabama","Male","Middle School",163,738,"Cigarette Use (Youth)","Smoking Status","Current"
2002,"Alabama","Female","High School",155,669,"Cigarette Use (Youth)","Smoking Status","Current"
2002,"Alabama","Female","Middle School",98,820,"Cigarette Use (Youth)","Smoking Status","Current"
2002,"Alabama","Male","High School",166,607,"Cigarette Use (Youth)","Smoking Status","Current"
2002,"Alabama","Male","Middle School",123,674,"Cigarette Use (Youth)","Smoking Status","Current"
2004,"Alabama","Female","High School",156,764,"Cigarette Use (Youth)","Smoking Status","Current"
2004,"Alabama","Female","Middle School",83,701,"Cigarette Use (Youth)","Smoking Status","Current"
2004,"Alabama","Male","High School",197,715,"Cigarette Use (Youth)","Smoking Status","Current"
2004,"Alabama","Male","Middle School",92,658,"Cigarette Use (Youth)","Smoking Status","Current"
2006,"Alabama","Female","High School",179,758,"Cigarette Use (Youth)","Smoking Status","Current"
2006,"Alabama","Female","Middle School",81,776,"Cigarette Use (Youth)","Smoking Status","Current"
2006,"Alabama","Male","High School",232,783,"Cigarette Use (Youth)","Smoking Status","Current"
2006,"Alabama","Male","Middle School",138,929,"Cigarette Use (Youth)","Smoking Status","Current"
2008,"Alabama","Female","High School",111,659,"Cigarette Use (Youth)","Smoking Status","Current"
2008,"Alabama","Female","Middle School",35,516,"Cigarette Use (Youth)","Smoking Status","Current"
2008,"Alabama","Male","High School",178,658,"Cigarette Use (Youth)","Smoking Status","Current"
2008,"Alabama","Male","Middle School",51,492,"Cigarette Use (Youth)","Smoking Status","Current"
2010,"Alabama","Female","High School",100,678,"Cigarette Use (Youth)","Smoking Status","Current"
2010,"Alabama","Female","Middle School",38,583,"Cigarette Use (Youth)","Smoking Status","Current"
2010,"Alabama","Male","High School",138,621,"Cigarette Use (Youth)","Smoking Status","Current"
2010,"Alabama","Male","Middle School",38,542,"Cigarette Use (Youth)","Smoking Status","Current"
2012,"Alabama","Female","High School",101,698,"Cigarette Use (Youth)","Smoking Status","Current"
2012,"Alabama","Female","Middle School",55,749,"Cigarette Use (Youth)","Smoking Status","Current"
2012,"Alabama","Male","High School",179,737,"Cigarette Use (Youth)","Smoking Status","Current"
2012,"Alabama","Male","Middle School",53,683,"Cigarette Use (Youth)","Smoking Status","Current"
2014,"Alabama","Female","High School",90,618,"Cigarette Use (Youth)","Smoking Status","Current"
2014,"Alabama","Female","Middle School",60,752,"Cigarette Use (Youth)","Smoking Status","Current"
2014,"Alabama","Male","High School",137,656,"Cigarette Use (Youth)","Smoking Status","Current"
2014,"Alabama","Male","Middle School",31,626,"Cigarette Use (Youth)","Smoking Status","Current"
2016,"Alabama","Female","High School",111,1256,"Cigarette Use (Youth)","Smoking Status","Current"
2016,"Alabama","Female","Middle School",49,1479,"Cigarette Use (Youth)","Smoking Status","Current"
2016,"Alabama","Male","High School",151,1174,"Cigarette Use (Youth)","Smoking Status","Current"
2016,"Alabama","Male","Middle School",50,1465,"Cigarette Use (Youth)","Smoking Status","Current"
2000,"Arizona","Female","Middle School",111,983,"Cigarette Use (Youth)","Smoking Status","Current"
2000,"Arizona","Male","Middle School",111,966,"Cigarette Use (Youth)","Smoking Status","Current"
2003,"Arizona","Female","High School",132,800,"Cigarette Use (Youth)","Smoking Status","Current"
2003,"Arizona","Female","Middle School",89,1024,"Cigarette Use (Youth)","Smoking Status","Current"
2003,"Arizona","Male","High School",143,755,"Cigarette Use (Youth)","Smoking Status","Current"
2003,"Arizona","Male","Middle School",91,1041,"Cigarette Use (Youth)","Smoking Status","Current"
2005,"Arizona","Female","High School",172,975,"Cigarette Use (Youth)","Smoking Status","Current"
2005,"Arizona","Female","Middle School",72,1002,"Cigarette Use (Youth)","Smoking Status","Current"
2005,"Arizona","Male","High School",177,920,"Cigarette Use (Youth)","Smoking Status","Current"
2005,"Arizona","Male","Middle School",81,917,"Cigarette Use (Youth)","Smoking Status","Current"
2007,"Arizona","Female","High School",148,918,"Cigarette Use (Youth)","Smoking Status","Current"
2007,"Arizona","Female","Middle School",87,1085,"Cigarette Use (Youth)","Smoking Status","Current"
2007,"Arizona","Male","High School",138,800,"Cigarette Use (Youth)","Smoking Status","Current"
2007,"Arizona","Male","Middle School",57,1084,"Cigarette Use (Youth)","Smoking Status","Current"
2009,"Arizona","Female","Middle School",45,1132,"Cigarette Use (Youth)","Smoking Status","Current"
2009,"Arizona","Male","Middle School",61,1173,"Cigarette Use (Youth)","Smoking Status","Current"
2011,"Arizona","Female","Middle School",82,1944,"Cigarette Use (Youth)","Smoking Status","Current"
2011,"Arizona","Male","Middle School",100,1997,"Cigarette Use (Youth)","Smoking Status","Current"
2013,"Arizona","Female","Middle School",25,819,"Cigarette Use (Youth)","Smoking Status","Current"
2013,"Arizona","Male","Middle School",24,756,"Cigarette Use (Youth)","Smoking Status","Current"
2015,"Arizona","Female","Middle School",21,671,"Cigarette Use (Youth)","Smoking Status","Current"
2015,"Arizona","Male","Middle School",22,700,"Cigarette Use (Youth)","Smoking Status","Current"
2017,"Arizona","Female","Middle School",13,659,"Cigarette Use (Youth)","Smoking Status","Current"
2017,"Arizona","Male","Middle School",20,679,"Cigarette Use (Youth)","Smoking Status","Current"
2000,"Arkansas","Female","High School",226,670,"Cigarette Use (Youth)","Smoking Status","Current"
2000,"Arkansas","Female","Middle School",116,737,"Cigarette Use (Youth)","Smoking Status","Current"
2000,"Arkansas","Male","High School",249,664,"Cigarette Use (Youth)","Smoking Status","Current"
2000,"Arkansas","Male","Middle School",120,767,"Cigarette Use (Youth)","Smoking Status","Current"
2005,"Arkansas","Female","High School",254,1020,"Cigarette Use (Youth)","Smoking Status","Current"
2005,"Arkansas","Female","Middle School",86,1038,"Cigarette Use (Youth)","Smoking Status","Current"
2005,"Arkansas","Male","High School",260,934,"Cigarette Use (Youth)","Smoking Status","Current"
2005,"Arkansas","Male","Middle School",104,1026,"Cigarette Use (Youth)","Smoking Status","Current"
2007,"Arkansas","Female","High School",176,987,"Cigarette Use (Youth)","Smoking Status","Current"
2007,"Arkansas","Female","Middle School",97,948,"Cigarette Use (Youth)","Smoking Status","Current"
2007,"Arkansas","Male","High School",221,962,"Cigarette Use (Youth)","Smoking Status","Current"
2007,"Arkansas","Male","Middle School",79,903,"Cigarette Use (Youth)","Smoking Status","Current"
2010,"Arkansas","Female","High School",205,1097,"Cigarette Use (Youth)","Smoking Status","Current"
2010,"Arkansas","Female","Middle School",84,1201,"Cigarette Use (Youth)","Smoking Status","Current"
2010,"Arkansas","Male","High School",306,1101,"Cigarette Use (Youth)","Smoking Status","Current"
2010,"Arkansas","Male","Middle School",80,1159,"Cigarette Use (Youth)","Smoking Status","Current"
2000,"California","Female","High School",290,1424,"Cigarette Use (Youth)","Smoking Status","Current"
2000,"California","Female","Middle School",92,1432,"Cigarette Use (Youth)","Smoking Status","Current"
2000,"California","Male","High School",343,1513,"Cigarette Use (Youth)","Smoking Status","Current"
2000,"California","Male","Middle School",96,1365,"Cigarette Use (Youth)","Smoking Status","Current"
2003,"California","Female","High School",918,7713,"Cigarette Use (Youth)","Smoking Status","Current"
2003,"California","Female","Middle School",192,5644,"Cigarette Use (Youth)","Smoking Status","Current"
2003,"California","Male","High School",986,6848,"Cigarette Use (Youth)","Smoking Status","Current"
2003,"California","Male","Middle School",214,4858,"Cigarette Use (Youth)","Smoking Status","Current"
2000,"Colorado","Female","High School",202,751,"Cigarette Use (Youth)","Smoking Status","Current"
2000,"Colorado","Female","Middle School",62,735,"Cigarette Use (Youth)","Smoking Status","Current"
2000,"Colorado","Male","High School",176,736,"Cigarette Use (Youth)","Smoking Status","Current"
2000,"Colorado","Male","Middle School",65,702,"Cigarette Use (Youth)","Smoking Status","Current"
2000,"Connecticut","Female","High School",276,1062,"Cigarette Use (Youth)","Smoking Status","Current"
2000,"Connecticut","Female","Middle School",101,1028,"Cigarette Use (Youth)","Smoking Status","Current"
2000,"Connecticut","Male","High School",254,1020,"Cigarette Use (Youth)","Smoking Status","Current"
2000,"Connecticut","Male","Middle School",95,977,"Cigarette Use (Youth)","Smoking Status","Current"
2002,"Connecticut","Female","High School",332,1602,"Cigarette Use (Youth)","Smoking Status","Current"
2002,"Connecticut","Female","Middle School",89,1315,"Cigarette Use (Youth)","Smoking Status","Current"
2002,"Connecticut","Male","High School",347,1488,"Cigarette Use (Youth)","Smoking Status","Current"
2002,"Connecticut","Male","Middle School",62,1284,"Cigarette Use (Youth)","Smoking Status","Current"
2005,"Connecticut","Female","High School",210,1155,"Cigarette Use (Youth)","Smoking Status","Current"
2005,"Connecticut","Female","Middle School",57,990,"Cigarette Use (Youth)","Smoking Status","Current"
2005,"Connecticut","Male","High School",159,1006,"Cigarette Use (Youth)","Smoking Status","Current"
2005,"Connecticut","Male","Middle School",62,1030,"Cigarette Use (Youth)","Smoking Status","Current"
2007,"Connecticut","Female","High School",146,958,"Cigarette Use (Youth)","Smoking Status","Current"
2007,"Connecticut","Female","Middle School",33,1112,"Cigarette Use (Youth)","Smoking Status","Current"
2007,"Connecticut","Male","High School",185,993,"Cigarette Use (Youth)","Smoking Status","Current"
2007,"Connecticut","Male","Middle School",40,1086,"Cigarette Use (Youth)","Smoking Status","Current"
2009,"Connecticut","Female","High School",165,1144,"Cigarette Use (Youth)","Smoking Status","Current"
2009,"Connecticut","Female","Middle School",38,1187,"Cigarette Use (Youth)","Smoking Status","Current"
2009,"Connecticut","Male","High School",168,1047,"Cigarette Use (Youth)","Smoking Status","Current"
2009,"Connecticut","Male","Middle School",38,1153,"Cigarette Use (Youth)","Smoking Status","Current"
2011,"Connecticut","Female","High School",120,1017,"Cigarette Use (Youth)","Smoking Status","Current"
2011,"Connecticut","Female","Middle School",30,1112,"Cigarette Use (Youth)","Smoking Status","Current"
2011,"Connecticut","Male","High School",169,1048,"Cigarette Use (Youth)","Smoking Status","Current"
2011,"Connecticut","Male","Middle School",32,1023,"Cigarette Use (Youth)","Smoking Status","Current"
2013,"Connecticut","Female","High School",87,1188,"Cigarette Use (Youth)","Smoking Status","Current"
2013,"Connecticut","Female","Middle School",14,1423,"Cigarette Use (Youth)","Smoking Status","Current"
2013,"Connecticut","Male","High School",128,1230,"Cigarette Use (Youth)","Smoking Status","Current"
2013,"Connecticut","Male","Middle School",26,1464,"Cigarette Use (Youth)","Smoking Status","Current"
2015,"Connecticut","Female","High School",61,1088,"Cigarette Use (Youth)","Smoking Status","Current"
2015,"Connecticut","Female","Middle School",12,1198,"Cigarette Use (Youth)","Smoking Status","Current"
2015,"Connecticut","Male","High School",65,1166,"Cigarette Use (Youth)","Smoking Status","Current"
2015,"Connecticut","Male","Middle School",9,1253,"Cigarette Use (Youth)","Smoking Status","Current"
2017,"Connecticut","Female","High School",30,1120,"Cigarette Use (Youth)","Smoking Status","Current"
2017,"Connecticut","Male","High School",45,1066,"Cigarette Use (Youth)","Smoking Status","Current"
2000,"Delaware","Female","High School",484,1855,"Cigarette Use (Youth)","Smoking Status","Current"
2000,"Delaware","Female","Middle School",343,2200,"Cigarette Use (Youth)","Smoking Status","Current"
2000,"Delaware","Male","High School",439,1569,"Cigarette Use (Youth)","Smoking Status","Current"
2000,"Delaware","Male","Middle School",322,2178,"Cigarette Use (Youth)","Smoking Status","Current"
2002,"Delaware","Female","High School",287,1226,"Cigarette Use (Youth)","Smoking Status","Current"
2002,"Delaware","Female","Middle School",154,1330,"Cigarette Use (Youth)","Smoking Status","Current"
2002,"Delaware","Male","High School",340,1214,"Cigarette Use (Youth)","Smoking Status","Current"
2002,"Delaware","Male","Middle School",119,1311,"Cigarette Use (Youth)","Smoking Status","Current"
2004,"Delaware","Female","High School",273,1100,"Cigarette Use (Youth)","Smoking Status","Current"
2004,"Delaware","Female","Middle School",122,1256,"Cigarette Use (Youth)","Smoking Status","Current"
2004,"Delaware","Male","High School",218,1080,"Cigarette Use (Youth)","Smoking Status","Current"
2004,"Delaware","Male","Middle School",108,1197,"Cigarette Use (Youth)","Smoking Status","Current"
2008,"Delaware","Female","High School",164,915,"Cigarette Use (Youth)","Smoking Status","Current"
2008,"Delaware","Female","Middle School",76,1033,"Cigarette Use (Youth)","Smoking Status","Current"
2008,"Delaware","Male","High School",148,894,"Cigarette Use (Youth)","Smoking Status","Current"
2008,"Delaware","Male","Middle School",72,1043,"Cigarette Use (Youth)","Smoking Status","Current"
2010,"Delaware","Female","High School",140,966,"Cigarette Use (Youth)","Smoking Status","Current"
2010,"Delaware","Female","Middle School",65,1072,"Cigarette Use (Youth)","Smoking Status","Current"
2010,"Delaware","Male","High School",133,867,"Cigarette Use (Youth)","Smoking Status","Current"
2010,"Delaware","Male","Middle School",68,1019,"Cigarette Use (Youth)","Smoking Status","Current"
2012,"Delaware","Female","High School",154,1125,"Cigarette Use (Youth)","Smoking Status","Current"
2012,"Delaware","Female","Middle School",44,1137,"Cigarette Use (Youth)","Smoking Status","Current"
2012,"Delaware","Male","High School",151,1057,"Cigarette Use (Youth)","Smoking Status","Current"
2012,"Delaware","Male","Middle School",52,1205,"Cigarette Use (Youth)","Smoking Status","Current"
2014,"Delaware","Female","High School",104,1033,"Cigarette Use (Youth)","Smoking Status","Current"
2014,"Delaware","Female","Middle School",22,1094,"Cigarette Use (Youth)","Smoking Status","Current"
2014,"Delaware","Male","High School",119,965,"Cigarette Use (Youth)","Smoking Status","Current"
2014,"Delaware","Male","Middle School",39,1161,"Cigarette Use (Youth)","Smoking Status","Current"
2016,"Delaware","Female","High School",48,988,"Cigarette Use (Youth)","Smoking Status","Current"
2016,"Delaware","Female","Middle School",10,813,"Cigarette Use (Youth)","Smoking Status","Current"
2016,"Delaware","Male","High School",101,1160,"Cigarette Use (Youth)","Smoking Status","Current"
2016,"Delaware","Male","Middle School",12,780,"Cigarette Use (Youth)","Smoking Status","Current"
2001,"Florida","Female","High School",417,2193,"Cigarette Use (Youth)","Smoking Status","Current"
2001,"Florida","Female","Middle School",204,2144,"Cigarette Use (Youth)","Smoking Status","Current"
2001,"Florida","Male","High School",378,1978,"Cigarette Use (Youth)","Smoking Status","Current"
2001,"Florida","Male","Middle School",208,2080,"Cigarette Use (Youth)","Smoking Status","Current"
2002,"Florida","Female","High School",871,4607,"Cigarette Use (Youth)","Smoking Status","Current"
2002,"Florida","Female","Middle School",753,7761,"Cigarette Use (Youth)","Smoking Status","Current"
2002,"Florida","Male","High School",805,4239,"Cigarette Use (Youth)","Smoking Status","Current"
2002,"Florida","Male","Middle School",776,7389,"Cigarette Use (Youth)","Smoking Status","Current"
1999,"Georgia","Female","Middle School",87,641,"Cigarette Use (Youth)","Smoking Status","Current"
1999,"Georgia","Male","Middle School",83,594,"Cigarette Use (Youth)","Smoking Status","Current"
2001,"Georgia","Female","High School",283,1423,"Cigarette Use (Youth)","Smoking Status","Current"
2001,"Georgia","Female","Middle School",96,1353,"Cigarette Use (Youth)","Smoking Status","Current"
2001,"Georgia","Male","High School",396,1446,"Cigarette Use (Youth)","Smoking Status","Current"
2001,"Georgia","Male","Middle School",145,1385,"Cigarette Use (Youth)","Smoking Status","Current"
2005,"Georgia","Female","High School",148,895,"Cigarette Use (Youth)","Smoking Status","Current"
2005,"Georgia","Female","Middle School",72,935,"Cigarette Use (Youth)","Smoking Status","Current"
2005,"Georgia","Male","High School",185,843,"Cigarette Use (Youth)","Smoking Status","Current"
2005,"Georgia","Male","Middle School",86,950,"Cigarette Use (Youth)","Smoking Status","Current"
2009,"Georgia","Female","High School",135,995,"Cigarette Use (Youth)","Smoking Status","Current"
2009,"Georgia","Female","Middle School",45,1024,"Cigarette Use (Youth)","Smoking Status","Current"
2009,"Georgia","Male","High School",156,905,"Cigarette Use (Youth)","Smoking Status","Current"
2009,"Georgia","Male","Middle School",72,923,"Cigarette Use (Youth)","Smoking Status","Current"
2011,"Georgia","Female","High School",129,966,"Cigarette Use (Youth)","Smoking Status","Current"
2011,"Georgia","Female","Middle School",47,1112,"Cigarette Use (Youth)","Smoking Status","Current"
2011,"Georgia","Male","High School",193,924,"Cigarette Use (Youth)","Smoking Status","Current"
2011,"Georgia","Male","Middle School",77,1049,"Cigarette Use (Youth)","Smoking Status","Current"
2013,"Georgia","Female","High School",84,866,"Cigarette Use (Youth)","Smoking Status","Current"
2013,"Georgia","Female","Middle School",28,1027,"Cigarette Use (Youth)","Smoking Status","Current"
2013,"Georgia","Male","High School",119,832,"Cigarette Use (Youth)","Smoking Status","Current"
2013,"Georgia","Male","Middle School",37,1014,"Cigarette Use (Youth)","Smoking Status","Current"
2015,"Georgia","Female","High School",56,686,"Cigarette Use (Youth)","Smoking Status","Current"
2015,"Georgia","Male","High School",88,667,"Cigarette Use (Youth)","Smoking Status","Current"
2017,"Georgia","Female","High School",62,1302,"Cigarette Use (Youth)","Smoking Status","Current"
2017,"Georgia","Male","High School",139,1263,"Cigarette Use (Youth)","Smoking Status","Current"
2000,"Hawaii","Female","High School",213,836,"Cigarette Use (Youth)","Smoking Status","Current"
2000,"Hawaii","Male","High School",143,613,"Cigarette Use (Youth)","Smoking Status","Current"
2003,"Hawaii","Female","Middle School",298,5058,"Cigarette Use (Youth)","Smoking Status","Current"
2003,"Hawaii","Male","Middle School",244,5084,"Cigarette Use (Youth)","Smoking Status","Current"
2005,"Hawaii","Female","High School",110,777,"Cigarette Use (Youth)","Smoking Status","Current"
2005,"Hawaii","Female","Middle School",44,856,"Cigarette Use (Youth)","Smoking Status","Current"
2005,"Hawaii","Male","High School",77,705,"Cigarette Use (Youth)","Smoking Status","Current"
2005,"Hawaii","Male","Middle School",36,759,"Cigarette Use (Youth)","Smoking Status","Current"
2009,"Hawaii","Female","High School",91,767,"Cigarette Use (Youth)","Smoking Status","Current"
2009,"Hawaii","Female","Middle School",46,851,"Cigarette Use (Youth)","Smoking Status","Current"
2009,"Hawaii","Male","High School",70,667,"Cigarette Use (Youth)","Smoking Status","Current"
2009,"Hawaii","Male","Middle School",26,724,"Cigarette Use (Youth)","Smoking Status","Current"
2011,"Hawaii","Female","High School",63,656,"Cigarette Use (Youth)","Smoking Status","Current"
2011,"Hawaii","Female","Middle School",32,831,"Cigarette Use (Youth)","Smoking Status","Current"
2011,"Hawaii","Male","High School",49,614,"Cigarette Use (Youth)","Smoking Status","Current"
2011,"Hawaii","Male","Middle School",27,777,"Cigarette Use (Youth)","Smoking Status","Current"
2013,"Hawaii","Female","High School",36,735,"Cigarette Use (Youth)","Smoking Status","Current"
2013,"Hawaii","Female","Middle School",29,1026,"Cigarette Use (Youth)","Smoking Status","Current"
2013,"Hawaii","Male","High School",45,661,"Cigarette Use (Youth)","Smoking Status","Current"
2013,"Hawaii","Male","Middle School",41,877,"Cigarette Use (Youth)","Smoking Status","Current"
2015,"Hawaii","Female","High School",61,929,"Cigarette Use (Youth)","Smoking Status","Current"
2015,"Hawaii","Female","Middle School",30,1062,"Cigarette Use (Youth)","Smoking Status","Current"
2015,"Hawaii","Male","High School",71,878,"Cigarette Use (Youth)","Smoking Status","Current"
2015,"Hawaii","Male","Middle School",35,1099,"Cigarette Use (Youth)","Smoking Status","Current"
2017,"Hawaii","Female","High School",57,961,"Cigarette Use (Youth)","Smoking Status","Current"
2017,"Hawaii","Female","Middle School",28,941,"Cigarette Use (Youth)","Smoking Status","Current"
2017,"Hawaii","Male","High School",57,915,"Cigarette Use (Youth)","Smoking Status","Current"
2017,"Hawaii","Male","Middle School",33,1001,"Cigarette Use (Youth)","Smoking Status","Current"
2001,"Idaho","Female","Middle School",86,911,"Cigarette Use (Youth)","Smoking Status","Current"
2001,"Idaho","Male","Middle School",88,910,"Cigarette Use (Youth)","Smoking Status","Current"
2003,"Idaho","Female","Middle School",87,779,"Cigarette Use (Youth)","Smoking Status","Current"
2003,"Idaho","Male","Middle School",60,800,"Cigarette Use (Youth)","Smoking Status","Current"
2002,"Illinois","Female","High School",247,773,"Cigarette Use (Youth)","Smoking Status","Current"
2002,"Illinois","Female","Middle School",70,799,"Cigarette Use (Youth)","Smoking Status","Current"
2002,"Illinois","Male","High School",226,854,"Cigarette Use (Youth)","Smoking Status","Current"
2002,"Illinois","Male","Middle School",50,775,"Cigarette Use (Youth)","Smoking Status","Current"
2005,"Illinois","Female","High School",173,645,"Cigarette Use (Youth)","Smoking Status","Current"
2005,"Illinois","Female","Middle School",57,708,"Cigarette Use (Youth)","Smoking Status","Current"
2005,"Illinois","Male","High School",152,667,"Cigarette Use (Youth)","Smoking Status","Current"
2005,"Illinois","Male","Middle School",46,676,"Cigarette Use (Youth)","Smoking Status","Current"
2006,"Illinois","Female","High School",115,555,"Cigarette Use (Youth)","Smoking Status","Current"
2006,"Illinois","Female","Middle School",36,608,"Cigarette Use (Youth)","Smoking Status","Current"
2006,"Illinois","Male","High School",131,581,"Cigarette Use (Youth)","Smoking Status","Current"
2006,"Illinois","Male","Middle School",67,579,"Cigarette Use (Youth)","Smoking Status","Current"
2010,"Illinois","Female","High School",108,648,"Cigarette Use (Youth)","Smoking Status","Current"
2010,"Illinois","Female","Middle School",33,684,"Cigarette Use (Youth)","Smoking Status","Current"
2010,"Illinois","Male","High School",113,598,"Cigarette Use (Youth)","Smoking Status","Current"
2010,"Illinois","Male","Middle School",33,682,"Cigarette Use (Youth)","Smoking Status","Current"
2013,"Illinois","Female","High School",85,826,"Cigarette Use (Youth)","Smoking Status","Current"
2013,"Illinois","Female","Middle School",28,923,"Cigarette Use (Youth)","Smoking Status","Current"
2013,"Illinois","Male","High School",128,830,"Cigarette Use (Youth)","Smoking Status","Current"
2013,"Illinois","Male","Middle School",20,965,"Cigarette Use (Youth)","Smoking Status","Current"
2015,"Illinois","Female","High School",102,1016,"Cigarette Use (Youth)","Smoking Status","Current"
2015,"Illinois","Female","Middle School",29,1143,"Cigarette Use (Youth)","Smoking Status","Current"
2015,"Illinois","Male","High School",112,1190,"Cigarette Use (Youth)","Smoking Status","Current"
2015,"Illinois","Male","Middle School",19,1157,"Cigarette Use (Youth)","Smoking Status","Current"
2000,"Indiana","Female","High School",211,700,"Cigarette Use (Youth)","Smoking Status","Current"
2000,"Indiana","Female","Middle School",73,698,"Cigarette Use (Youth)","Smoking Status","Current"
2000,"Indiana","Male","High School",219,667,"Cigarette Use (Youth)","Smoking Status","Current"
2000,"Indiana","Male","Middle School",71,768,"Cigarette Use (Youth)","Smoking Status","Current"
2004,"Indiana","Female","High School",331,1706,"Cigarette Use (Youth)","Smoking Status","Current"
2004,"Indiana","Female","Middle School",94,931,"Cigarette Use (Youth)","Smoking Status","Current"
2004,"Indiana","Male","High School",368,1613,"Cigarette Use (Youth)","Smoking Status","Current"
2004,"Indiana","Male","Middle School",56,978,"Cigarette Use (Youth)","Smoking Status","Current"
2006,"Indiana","Female","High School",361,1591,"Cigarette Use (Youth)","Smoking Status","Current"
2006,"Indiana","Female","Middle School",146,1759,"Cigarette Use (Youth)","Smoking Status","Current"
2006,"Indiana","Male","High School",391,1655,"Cigarette Use (Youth)","Smoking Status","Current"
2006,"Indiana","Male","Middle School",129,1817,"Cigarette Use (Youth)","Smoking Status","Current"
2008,"Indiana","Female","High School",304,1739,"Cigarette Use (Youth)","Smoking Status","Current"
2008,"Indiana","Female","Middle School",60,1626,"Cigarette Use (Youth)","Smoking Status","Current"
2008,"Indiana","Male","High School",353,1858,"Cigarette Use (Youth)","Smoking Status","Current"
2008,"Indiana","Male","Middle School",71,1579,"Cigarette Use (Youth)","Smoking Status","Current"
2010,"Indiana","Female","High School",203,1287,"Cigarette Use (Youth)","Smoking Status","Current"
2010,"Indiana","Female","Middle School",37,1053,"Cigarette Use (Youth)","Smoking Status","Current"
2010,"Indiana","Male","High School",244,1298,"Cigarette Use (Youth)","Smoking Status","Current"
2010,"Indiana","Male","Middle School",52,1002,"Cigarette Use (Youth)","Smoking Status","Current"
2013,"Indiana","Female","High School",173,1362,"Cigarette Use (Youth)","Smoking Status","Current"
2013,"Indiana","Female","Middle School",47,1207,"Cigarette Use (Youth)","Smoking Status","Current"
2013,"Indiana","Male","High School",189,1277,"Cigarette Use (Youth)","Smoking Status","Current"
2013,"Indiana","Male","Middle School",44,1210,"Cigarette Use (Youth)","Smoking Status","Current"
2016,"Indiana","Female","Middle School",23,1091,"Cigarette Use (Youth)","Smoking Status","Current"
2016,"Indiana","Male","Middle School",16,1131,"Cigarette Use (Youth)","Smoking Status","Current"
2000,"Iowa","Female","High School",216,695,"Cigarette Use (Youth)","Smoking Status","Current"
2000,"Iowa","Female","Middle School",109,884,"Cigarette Use (Youth)","Smoking Status","Current"
2000,"Iowa","Male","High School",239,700,"Cigarette Use (Youth)","Smoking Status","Current"
2000,"Iowa","Male","Middle School",98,869,"Cigarette Use (Youth)","Smoking Status","Current"
2002,"Iowa","Female","High School",218,823,"Cigarette Use (Youth)","Smoking Status","Current"
2002,"Iowa","Female","Middle School",58,800,"Cigarette Use (Youth)","Smoking Status","Current"
2002,"Iowa","Male","High School",217,806,"Cigarette Use (Youth)","Smoking Status","Current"
2002,"Iowa","Male","Middle School",50,780,"Cigarette Use (Youth)","Smoking Status","Current"
2004,"Iowa","Female","High School",176,865,"Cigarette Use (Youth)","Smoking Status","Current"
2004,"Iowa","Female","Middle School",65,873,"Cigarette Use (Youth)","Smoking Status","Current"
2004,"Iowa","Male","High School",161,872,"Cigarette Use (Youth)","Smoking Status","Current"
2004,"Iowa","Male","Middle School",66,983,"Cigarette Use (Youth)","Smoking Status","Current"
2006,"Iowa","Female","High School",249,1113,"Cigarette Use (Youth)","Smoking Status","Current"
2006,"Iowa","Female","Middle School",37,833,"Cigarette Use (Youth)","Smoking Status","Current"
2006,"Iowa","Male","High School",249,1100,"Cigarette Use (Youth)","Smoking Status","Current"
2006,"Iowa","Male","Middle School",22,794,"Cigarette Use (Youth)","Smoking Status","Current"
2008,"Iowa","Female","High School",123,630,"Cigarette Use (Youth)","Smoking Status","Current"
2008,"Iowa","Female","Middle School",15,633,"Cigarette Use (Youth)","Smoking Status","Current"
2008,"Iowa","Male","High School",124,612,"Cigarette Use (Youth)","Smoking Status","Current"
2008,"Iowa","Male","Middle School",22,670,"Cigarette Use (Youth)","Smoking Status","Current"
2009,"Iowa","Female","High School",123,630,"Cigarette Use (Youth)","Smoking Status","Current"
2009,"Iowa","Female","Middle School",15,633,"Cigarette Use (Youth)","Smoking Status","Current"
2009,"Iowa","Male","High School",124,612,"Cigarette Use (Youth)","Smoking Status","Current"
2009,"Iowa","Male","Middle School",22,670,"Cigarette Use (Youth)","Smoking Status","Current"
1999,"Kansas","Female","Middle School",84,554,"Cigarette Use (Youth)","Smoking Status","Current"
1999,"Kansas","Male","Middle School",96,581,"Cigarette Use (Youth)","Smoking Status","Current"
2000,"Kansas","Female","High School",218,791,"Cigarette Use (Youth)","Smoking Status","Current"
2000,"Kansas","Female","Middle School",61,778,"Cigarette Use (Youth)","Smoking Status","Current"
2000,"Kansas","Male","High School",188,763,"Cigarette Use (Youth)","Smoking Status","Current"
2000,"Kansas","Male","Middle School",62,774,"Cigarette Use (Youth)","Smoking Status","Current"
2002,"Kansas","Female","High School",157,752,"Cigarette Use (Youth)","Smoking Status","Current"
2002,"Kansas","Female","Middle School",46,699,"Cigarette Use (Youth)","Smoking Status","Current"
2002,"Kansas","Male","High School",152,715,"Cigarette Use (Youth)","Smoking Status","Current"
2002,"Kansas","Male","Middle School",33,712,"Cigarette Use (Youth)","Smoking Status","Current"
2009,"Kansas","Female","High School",120,670,"Cigarette Use (Youth)","Smoking Status","Current"
2009,"Kansas","Female","Middle School",15,516,"Cigarette Use (Youth)","Smoking Status","Current"
2009,"Kansas","Male","High School",110,669,"Cigarette Use (Youth)","Smoking Status","Current"
2009,"Kansas","Male","Middle School",24,436,"Cigarette Use (Youth)","Smoking Status","Current"
2013,"Kansas","Female","Middle School",9,769,"Cigarette Use (Youth)","Smoking Status","Current"
2013,"Kansas","Male","Middle School",10,920,"Cigarette Use (Youth)","Smoking Status","Current"
2000,"Kentucky","Female","High School",231,592,"Cigarette Use (Youth)","Smoking Status","Current"
2000,"Kentucky","Female","Middle School",133,629,"Cigarette Use (Youth)","Smoking Status","Current"
2000,"Kentucky","Male","High School",234,658,"Cigarette Use (Youth)","Smoking Status","Current"
2000,"Kentucky","Male","Middle School",130,595,"Cigarette Use (Youth)","Smoking Status","Current"
2002,"Kentucky","Female","High School",274,766,"Cigarette Use (Youth)","Smoking Status","Current"
2002,"Kentucky","Female","Middle School",109,735,"Cigarette Use (Youth)","Smoking Status","Current"
2002,"Kentucky","Male","High School",234,717,"Cigarette Use (Youth)","Smoking Status","Current"
2002,"Kentucky","Male","Middle School",113,723,"Cigarette Use (Youth)","Smoking Status","Current"
2004,"Kentucky","Female","High School",301,1036,"Cigarette Use (Youth)","Smoking Status","Current"
2004,"Kentucky","Male","High School",271,1011,"Cigarette Use (Youth)","Smoking Status","Current"
2006,"Kentucky","Female","High School",376,1511,"Cigarette Use (Youth)","Smoking Status","Current"
2006,"Kentucky","Female","Middle School",213,1817,"Cigarette Use (Youth)","Smoking Status","Current"
2006,"Kentucky","Male","High School",339,1399,"Cigarette Use (Youth)","Smoking Status","Current"
2006,"Kentucky","Male","Middle School",223,1810,"Cigarette Use (Youth)","Smoking Status","Current"
2008,"Kentucky","Female","High School",375,1403,"Cigarette Use (Youth)","Smoking Status","Current"
2008,"Kentucky","Female","Middle School",198,2022,"Cigarette Use (Youth)","Smoking Status","Current"
2008,"Kentucky","Male","High School",365,1368,"Cigarette Use (Youth)","Smoking Status","Current"
2008,"Kentucky","Male","Middle School",179,1947,"Cigarette Use (Youth)","Smoking Status","Current"
2010,"Kentucky","Female","High School",462,1813,"Cigarette Use (Youth)","Smoking Status","Current"
2010,"Kentucky","Female","Middle School",167,2038,"Cigarette Use (Youth)","Smoking Status","Current"
2010,"Kentucky","Male","High School",454,1645,"Cigarette Use (Youth)","Smoking Status","Current"
2010,"Kentucky","Male","Middle School",199,2074,"Cigarette Use (Youth)","Smoking Status","Current"
2001,"Louisiana","Female","Middle School",195,1266,"Cigarette Use (Youth)","Smoking Status","Current"
2001,"Louisiana","Male","Middle School",203,1119,"Cigarette Use (Youth)","Smoking Status","Current"
2008,"Louisiana","Female","High School",116,684,"Cigarette Use (Youth)","Smoking Status","Current"
2008,"Louisiana","Female","Middle School",67,779,"Cigarette Use (Youth)","Smoking Status","Current"
2008,"Louisiana","Male","High School",119,588,"Cigarette Use (Youth)","Smoking Status","Current"
2008,"Louisiana","Male","Middle School",89,767,"Cigarette Use (Youth)","Smoking Status","Current"
2009,"Louisiana","Female","High School",117,536,"Cigarette Use (Youth)","Smoking Status","Current"
2009,"Louisiana","Female","Middle School",89,879,"Cigarette Use (Youth)","Smoking Status","Current"
2009,"Louisiana","Male","High School",82,487,"Cigarette Use (Youth)","Smoking Status","Current"
2009,"Louisiana","Male","Middle School",85,753,"Cigarette Use (Youth)","Smoking Status","Current"
2011,"Louisiana","Female","High School",112,556,"Cigarette Use (Youth)","Smoking Status","Current"
2011,"Louisiana","Female","Middle School",41,694,"Cigarette Use (Youth)","Smoking Status","Current"
2011,"Louisiana","Male","High School",105,391,"Cigarette Use (Youth)","Smoking Status","Current"
2011,"Louisiana","Male","Middle School",43,653,"Cigarette Use (Youth)","Smoking Status","Current"
2013,"Louisiana","Female","High School",85,709,"Cigarette Use (Youth)","Smoking Status","Current"
2013,"Louisiana","Female","Middle School",40,976,"Cigarette Use (Youth)","Smoking Status","Current"
2013,"Louisiana","Male","High School",100,596,"Cigarette Use (Youth)","Smoking Status","Current"
2013,"Louisiana","Male","Middle School",80,999,"Cigarette Use (Youth)","Smoking Status","Current"
2015,"Louisiana","Female","Middle School",40,659,"Cigarette Use (Youth)","Smoking Status","Current"
2015,"Louisiana","Male","Middle School",24,544,"Cigarette Use (Youth)","Smoking Status","Current"
2017,"Louisiana","Female","High School",74,589,"Cigarette Use (Youth)","Smoking Status","Current"
2017,"Louisiana","Female","Middle School",19,894,"Cigarette Use (Youth)","Smoking Status","Current"
2017,"Louisiana","Male","High School",67,462,"Cigarette Use (Youth)","Smoking Status","Current"
2017,"Louisiana","Male","Middle School",37,689,"Cigarette Use (Youth)","Smoking Status","Current"
2000,"Maine","Female","Middle School",93,672,"Cigarette Use (Youth)","Smoking Status","Current"
2000,"Maine","Male","Middle School",97,627,"Cigarette Use (Youth)","Smoking Status","Current"
2001,"Maine","Female","Middle School",527,6205,"Cigarette Use (Youth)","Smoking Status","Current"
2001,"Maine","Male","Middle School",548,6226,"Cigarette Use (Youth)","Smoking Status","Current"
2000,"Maryland","Female","High School",3938,16548,"Cigarette Use (Youth)","Smoking Status","Current"
2000,"Maryland","Female","Middle School",781,10703,"Cigarette Use (Youth)","Smoking Status","Current"
2000,"Maryland","Male","High School",3584,15382,"Cigarette Use (Youth)","Smoking Status","Current"
2000,"Maryland","Male","Middle School",779,10671,"Cigarette Use (Youth)","Smoking Status","Current"
2002,"Maryland","Female","High School",3628,19197,"Cigarette Use (Youth)","Smoking Status","Current"
2002,"Maryland","Female","Middle School",671,13152,"Cigarette Use (Youth)","Smoking Status","Current"
2002,"Maryland","Male","High School",3348,17349,"Cigarette Use (Youth)","Smoking Status","Current"
2002,"Maryland","Male","Middle School",702,13001,"Cigarette Use (Youth)","Smoking Status","Current"
2002,"Massachusetts","Female","High School",154,794,"Cigarette Use (Youth)","Smoking Status","Current"
2002,"Massachusetts","Female","Middle School",66,946,"Cigarette Use (Youth)","Smoking Status","Current"
2002,"Massachusetts","Male","High School",176,813,"Cigarette Use (Youth)","Smoking Status","Current"
2002,"Massachusetts","Male","Middle School",68,957,"Cigarette Use (Youth)","Smoking Status","Current"
2001,"Michigan","Female","High School",470,1593,"Cigarette Use (Youth)","Smoking Status","Current"
2001,"Michigan","Female","Middle School",76,871,"Cigarette Use (Youth)","Smoking Status","Current"
2001,"Michigan","Male","High School",421,1632,"Cigarette Use (Youth)","Smoking Status","Current"
2001,"Michigan","Male","Middle School",87,883,"Cigarette Use (Youth)","Smoking Status","Current"
2003,"Michigan","Female","High School",538,1799,"Cigarette Use (Youth)","Smoking Status","Current"
2003,"Michigan","Female","Middle School",142,1863,"Cigarette Use (Youth)","Smoking Status","Current"
2003,"Michigan","Male","High School",430,1635,"Cigarette Use (Youth)","Smoking Status","Current"
2003,"Michigan","Male","Middle School",140,2023,"Cigarette Use (Youth)","Smoking Status","Current"
2007,"Michigan","Female","High School",221,1330,"Cigarette Use (Youth)","Smoking Status","Current"
2007,"Michigan","Male","High School",286,1261,"Cigarette Use (Youth)","Smoking Status","Current"
2011,"Michigan","Female","High School",292,2031,"Cigarette Use (Youth)","Smoking Status","Current"
2011,"Michigan","Male","High School",367,1992,"Cigarette Use (Youth)","Smoking Status","Current"
2000,"Minnesota","Female","High School",1239,3800,"Cigarette Use (Youth)","Smoking Status","Current"
2000,"Minnesota","Female","Middle School",218,2294,"Cigarette Use (Youth)","Smoking Status","Current"
2000,"Minnesota","Male","High School",1136,3550,"Cigarette Use (Youth)","Smoking Status","Current"
2000,"Minnesota","Male","Middle School",200,2295,"Cigarette Use (Youth)","Smoking Status","Current"
2002,"Minnesota","Female","Middle School",184,2305,"Cigarette Use (Youth)","Smoking Status","Current"
2002,"Minnesota","Male","Middle School",147,2295,"Cigarette Use (Youth)","Smoking Status","Current"
2008,"Minnesota","Female","Middle School",41,1163,"Cigarette Use (Youth)","Smoking Status","Current"
2008,"Minnesota","Male","Middle School",36,1128,"Cigarette Use (Youth)","Smoking Status","Current"
2014,"Minnesota","Female","High School",114,1095,"Cigarette Use (Youth)","Smoking Status","Current"
2014,"Minnesota","Female","Middle School",22,937,"Cigarette Use (Youth)","Smoking Status","Current"
2014,"Minnesota","Male","High School",122,1130,"Cigarette Use (Youth)","Smoking Status","Current"
2014,"Minnesota","Male","Middle School",11,1006,"Cigarette Use (Youth)","Smoking Status","Current"
2017,"Minnesota","Female","High School",93,1085,"Cigarette Use (Youth)","Smoking Status","Current"
2017,"Minnesota","Female","Middle School",17,924,"Cigarette Use (Youth)","Smoking Status","Current"
2017,"Minnesota","Male","High School",111,1098,"Cigarette Use (Youth)","Smoking Status","Current"
2017,"Minnesota","Male","Middle School",16,898,"Cigarette Use (Youth)","Smoking Status","Current"
1999,"Mississippi","Female","High School",251,818,"Cigarette Use (Youth)","Smoking Status","Current"
1999,"Mississippi","Female","Middle School",191,986,"Cigarette Use (Youth)","Smoking Status","Current"
1999,"Mississippi","Male","High School",244,710,"Cigarette Use (Youth)","Smoking Status","Current"
1999,"Mississippi","Male","Middle School",232,890,"Cigarette Use (Youth)","Smoking Status","Current"
2000,"Mississippi","Female","High School",224,855,"Cigarette Use (Youth)","Smoking Status","Current"
2000,"Mississippi","Female","Middle School",159,938,"Cigarette Use (Youth)","Smoking Status","Current"
2000,"Mississippi","Male","High School",244,754,"Cigarette Use (Youth)","Smoking Status","Current"
2000,"Mississippi","Male","Middle School",154,802,"Cigarette Use (Youth)","Smoking Status","Current"
2002,"Mississippi","Female","High School",224,1189,"Cigarette Use (Youth)","Smoking Status","Current"
2002,"Mississippi","Female","Middle School",167,1358,"Cigarette Use (Youth)","Smoking Status","Current"
2002,"Mississippi","Male","High School",293,1060,"Cigarette Use (Youth)","Smoking Status","Current"
2002,"Mississippi","Male","Middle School",156,1334,"Cigarette Use (Youth)","Smoking Status","Current"
2003,"Mississippi","Female","High School",1119,5432,"Cigarette Use (Youth)","Smoking Status","Current"
2003,"Mississippi","Female","Middle School",585,5969,"Cigarette Use (Youth)","Smoking Status","Current"
2003,"Mississippi","Male","High School",1246,4791,"Cigarette Use (Youth)","Smoking Status","Current"
2003,"Mississippi","Male","Middle School",669,5573,"Cigarette Use (Youth)","Smoking Status","Current"
2004,"Mississippi","Female","High School",256,1302,"Cigarette Use (Youth)","Smoking Status","Current"
2004,"Mississippi","Female","Middle School",162,1471,"Cigarette Use (Youth)","Smoking Status","Current"
2004,"Mississippi","Male","High School",259,1066,"Cigarette Use (Youth)","Smoking Status","Current"
2004,"Mississippi","Male","Middle School",173,1355,"Cigarette Use (Youth)","Smoking Status","Current"
2006,"Mississippi","Female","High School",125,737,"Cigarette Use (Youth)","Smoking Status","Current"
2006,"Mississippi","Female","Middle School",61,785,"Cigarette Use (Youth)","Smoking Status","Current"
2006,"Mississippi","Male","High School",116,577,"Cigarette Use (Youth)","Smoking Status","Current"
2006,"Mississippi","Male","Middle School",63,703,"Cigarette Use (Youth)","Smoking Status","Current"
2008,"Mississippi","Female","Middle School",63,915,"Cigarette Use (Youth)","Smoking Status","Current"
2008,"Mississippi","Male","Middle School",101,922,"Cigarette Use (Youth)","Smoking Status","Current"
2009,"Mississippi","Female","High School",134,862,"Cigarette Use (Youth)","Smoking Status","Current"
2009,"Mississippi","Female","Middle School",49,790,"Cigarette Use (Youth)","Smoking Status","Current"
2009,"Mississippi","Male","High School",176,794,"Cigarette Use (Youth)","Smoking Status","Current"
2009,"Mississippi","Male","Middle School",64,804,"Cigarette Use (Youth)","Smoking Status","Current"
2010,"Mississippi","Female","High School",163,918,"Cigarette Use (Youth)","Smoking Status","Current"
2010,"Mississippi","Female","Middle School",34,773,"Cigarette Use (Youth)","Smoking Status","Current"
2010,"Mississippi","Male","High School",172,800,"Cigarette Use (Youth)","Smoking Status","Current"
2010,"Mississippi","Male","Middle School",55,813,"Cigarette Use (Youth)","Smoking Status","Current"
2012,"Mississippi","Female","High School",127,806,"Cigarette Use (Youth)","Smoking Status","Current"
2012,"Mississippi","Female","Middle School",43,867,"Cigarette Use (Youth)","Smoking Status","Current"
2012,"Mississippi","Male","High School",159,785,"Cigarette Use (Youth)","Smoking Status","Current"
2012,"Mississippi","Male","Middle School",53,799,"Cigarette Use (Youth)","Smoking Status","Current"
2013,"Mississippi","Female","High School",95,835,"Cigarette Use (Youth)","Smoking Status","Current"
2013,"Mississippi","Female","Middle School",30,893,"Cigarette Use (Youth)","Smoking Status","Current"
2013,"Mississippi","Male","High School",105,691,"Cigarette Use (Youth)","Smoking Status","Current"
2013,"Mississippi","Male","Middle School",47,1022,"Cigarette Use (Youth)","Smoking Status","Current"
2014,"Mississippi","Female","High School",79,820,"Cigarette Use (Youth)","Smoking Status","Current"
2014,"Mississippi","Female","Middle School",23,719,"Cigarette Use (Youth)","Smoking Status","Current"
2014,"Mississippi","Male","High School",115,769,"Cigarette Use (Youth)","Smoking Status","Current"
2014,"Mississippi","Male","Middle School",42,673,"Cigarette Use (Youth)","Smoking Status","Current"
2015,"Mississippi","Female","High School",79,820,"Cigarette Use (Youth)","Smoking Status","Current"
2015,"Mississippi","Female","Middle School",23,719,"Cigarette Use (Youth)","Smoking Status","Current"
2015,"Mississippi","Male","High School",115,769,"Cigarette Use (Youth)","Smoking Status","Current"
2015,"Mississippi","Male","Middle School",42,673,"Cigarette Use (Youth)","Smoking Status","Current"
2016,"Mississippi","Female","High School",46,777,"Cigarette Use (Youth)","Smoking Status","Current"
2016,"Mississippi","Female","Middle School",22,894,"Cigarette Use (Youth)","Smoking Status","Current"
2016,"Mississippi","Male","High School",110,781,"Cigarette Use (Youth)","Smoking Status","Current"
2016,"Mississippi","Male","Middle School",32,921,"Cigarette Use (Youth)","Smoking Status","Current"
2017,"Mississippi","Female","High School",55,888,"Cigarette Use (Youth)","Smoking Status","Current"
2017,"Mississippi","Female","Middle School",9,780,"Cigarette Use (Youth)","Smoking Status","Current"
2017,"Mississippi","Male","High School",74,906,"Cigarette Use (Youth)","Smoking Status","Current"
2017,"Mississippi","Male","Middle School",16,876,"Cigarette Use (Youth)","Smoking Status","Current"
1999,"Missouri","Female","Middle School",117,718,"Cigarette Use (Youth)","Smoking Status","Current"
1999,"Missouri","Male","Middle School",105,763,"Cigarette Use (Youth)","Smoking Status","Current"
2003,"Missouri","Female","High School",171,708,"Cigarette Use (Youth)","Smoking Status","Current"
2003,"Missouri","Female","Middle School",61,730,"Cigarette Use (Youth)","Smoking Status","Current"
2003,"Missouri","Male","High School",159,650,"Cigarette Use (Youth)","Smoking Status","Current"
2003,"Missouri","Male","Middle School",64,697,"Cigarette Use (Youth)","Smoking Status","Current"
2005,"Missouri","Female","High School",162,704,"Cigarette Use (Youth)","Smoking Status","Current"
2005,"Missouri","Female","Middle School",74,827,"Cigarette Use (Youth)","Smoking Status","Current"
2005,"Missouri","Male","High School",177,728,"Cigarette Use (Youth)","Smoking Status","Current"
2005,"Missouri","Male","Middle School",63,813,"Cigarette Use (Youth)","Smoking Status","Current"
2007,"Missouri","Female","High School",134,658,"Cigarette Use (Youth)","Smoking Status","Current"
2007,"Missouri","Female","Middle School",49,666,"Cigarette Use (Youth)","Smoking Status","Current"
2007,"Missouri","Male","High School",139,626,"Cigarette Use (Youth)","Smoking Status","Current"
2007,"Missouri","Male","Middle School",40,633,"Cigarette Use (Youth)","Smoking Status","Current"
2009,"Missouri","Female","High School",144,738,"Cigarette Use (Youth)","Smoking Status","Current"
2009,"Missouri","Female","Middle School",43,780,"Cigarette Use (Youth)","Smoking Status","Current"
2009,"Missouri","Male","High School",145,748,"Cigarette Use (Youth)","Smoking Status","Current"
2009,"Missouri","Male","Middle School",47,816,"Cigarette Use (Youth)","Smoking Status","Current"
2011,"Missouri","Female","High School",116,692,"Cigarette Use (Youth)","Smoking Status","Current"
2011,"Missouri","Female","Middle School",58,889,"Cigarette Use (Youth)","Smoking Status","Current"
2011,"Missouri","Male","High School",162,821,"Cigarette Use (Youth)","Smoking Status","Current"
2011,"Missouri","Male","Middle School",41,957,"Cigarette Use (Youth)","Smoking Status","Current"
2013,"Missouri","Female","Middle School",30,858,"Cigarette Use (Youth)","Smoking Status","Current"
2013,"Missouri","Male","Middle School",41,936,"Cigarette Use (Youth)","Smoking Status","Current"
2015,"Missouri","Female","Middle School",18,846,"Cigarette Use (Youth)","Smoking Status","Current"
2015,"Missouri","Male","Middle School",23,842,"Cigarette Use (Youth)","Smoking Status","Current"
2017,"Missouri","Female","Middle School",34,914,"Cigarette Use (Youth)","Smoking Status","Current"
2017,"Missouri","Male","Middle School",29,874,"Cigarette Use (Youth)","Smoking Status","Current"
1999,"Nebraska","Female","Middle School",157,1602,"Cigarette Use (Youth)","Smoking Status","Current"
1999,"Nebraska","Male","Middle School",168,1647,"Cigarette Use (Youth)","Smoking Status","Current"
2000,"Nebraska","Female","High School",505,1640,"Cigarette Use (Youth)","Smoking Status","Current"
2000,"Nebraska","Male","High School",415,1531,"Cigarette Use (Youth)","Smoking Status","Current"
2002,"Nebraska","Female","High School",396,1380,"Cigarette Use (Youth)","Smoking Status","Current"
2002,"Nebraska","Female","Middle School",107,1410,"Cigarette Use (Youth)","Smoking Status","Current"
2002,"Nebraska","Male","High School",338,1216,"Cigarette Use (Youth)","Smoking Status","Current"
2002,"Nebraska","Male","Middle School",84,1285,"Cigarette Use (Youth)","Smoking Status","Current"
2006,"Nebraska","Female","High School",298,1427,"Cigarette Use (Youth)","Smoking Status","Current"
2006,"Nebraska","Female","Middle School",57,1135,"Cigarette Use (Youth)","Smoking Status","Current"
2006,"Nebraska","Male","High School",249,1370,"Cigarette Use (Youth)","Smoking Status","Current"
2006,"Nebraska","Male","Middle School",58,1035,"Cigarette Use (Youth)","Smoking Status","Current"
2012,"Nebraska","Female","High School",113,1190,"Cigarette Use (Youth)","Smoking Status","Current"
2012,"Nebraska","Male","High School",169,1214,"Cigarette Use (Youth)","Smoking Status","Current"
2013,"Nebraska","Female","High School",113,1190,"Cigarette Use (Youth)","Smoking Status","Current"
2013,"Nebraska","Male","High School",169,1214,"Cigarette Use (Youth)","Smoking Status","Current"
2014,"Nebraska","Female","High School",106,1176,"Cigarette Use (Youth)","Smoking Status","Current"
2014,"Nebraska","Male","High School",110,1130,"Cigarette Use (Youth)","Smoking Status","Current"
2015,"Nebraska","Female","High School",106,1176,"Cigarette Use (Youth)","Smoking Status","Current"
2015,"Nebraska","Male","High School",110,1130,"Cigarette Use (Youth)","Smoking Status","Current"
2017,"Nebraska","Female","High School",70,1127,"Cigarette Use (Youth)","Smoking Status","Current"
2017,"Nebraska","Male","High School",91,1123,"Cigarette Use (Youth)","Smoking Status","Current"
2000,"New Hampshire","Female","Middle School",88,684,"Cigarette Use (Youth)","Smoking Status","Current"
2000,"New Hampshire","Male","Middle School",87,785,"Cigarette Use (Youth)","Smoking Status","Current"
2001,"New Hampshire","Female","High School",169,693,"Cigarette Use (Youth)","Smoking Status","Current"
2001,"New Hampshire","Female","Middle School",36,725,"Cigarette Use (Youth)","Smoking Status","Current"
2001,"New Hampshire","Male","High School",182,695,"Cigarette Use (Youth)","Smoking Status","Current"
2001,"New Hampshire","Male","Middle School",42,779,"Cigarette Use (Youth)","Smoking Status","Current"
2004,"New Hampshire","Female","High School",134,715,"Cigarette Use (Youth)","Smoking Status","Current"
2004,"New Hampshire","Female","Middle School",32,763,"Cigarette Use (Youth)","Smoking Status","Current"
2004,"New Hampshire","Male","High School",132,683,"Cigarette Use (Youth)","Smoking Status","Current"
2004,"New Hampshire","Male","Middle School",28,835,"Cigarette Use (Youth)","Smoking Status","Current"
2007,"New Hampshire","Female","High School",108,807,"Cigarette Use (Youth)","Smoking Status","Current"
2007,"New Hampshire","Male","High School",150,762,"Cigarette Use (Youth)","Smoking Status","Current"
2009,"New Hampshire","Female","High School",121,767,"Cigarette Use (Youth)","Smoking Status","Current"
2009,"New Hampshire","Male","High School",115,694,"Cigarette Use (Youth)","Smoking Status","Current"
2011,"New Hampshire","Female","High School",103,710,"Cigarette Use (Youth)","Smoking Status","Current"
2011,"New Hampshire","Male","High School",129,676,"Cigarette Use (Youth)","Smoking Status","Current"
1999,"New Jersey","Female","High School",955,3363,"Cigarette Use (Youth)","Smoking Status","Current"
1999,"New Jersey","Female","Middle School",457,4153,"Cigarette Use (Youth)","Smoking Status","Current"
1999,"New Jersey","Male","High School",890,3373,"Cigarette Use (Youth)","Smoking Status","Current"
1999,"New Jersey","Male","Middle School",416,4199,"Cigarette Use (Youth)","Smoking Status","Current"
2001,"New Jersey","Female","High School",490,1962,"Cigarette Use (Youth)","Smoking Status","Current"
2001,"New Jersey","Female","Middle School",184,2635,"Cigarette Use (Youth)","Smoking Status","Current"
2001,"New Jersey","Male","High School",477,1987,"Cigarette Use (Youth)","Smoking Status","Current"
2001,"New Jersey","Male","Middle School",124,2529,"Cigarette Use (Youth)","Smoking Status","Current"
2004,"New Jersey","Female","High School",222,1179,"Cigarette Use (Youth)","Smoking Status","Current"
2004,"New Jersey","Female","Middle School",44,1071,"Cigarette Use (Youth)","Smoking Status","Current"
2004,"New Jersey","Male","High School",175,1100,"Cigarette Use (Youth)","Smoking Status","Current"
2004,"New Jersey","Male","Middle School",39,1018,"Cigarette Use (Youth)","Smoking Status","Current"
2006,"New Jersey","Female","High School",323,2097,"Cigarette Use (Youth)","Smoking Status","Current"
2006,"New Jersey","Female","Middle School",61,2088,"Cigarette Use (Youth)","Smoking Status","Current"
2006,"New Jersey","Male","High School",306,1922,"Cigarette Use (Youth)","Smoking Status","Current"
2006,"New Jersey","Male","Middle School",70,1993,"Cigarette Use (Youth)","Smoking Status","Current"
2008,"New Jersey","Female","High School",216,1511,"Cigarette Use (Youth)","Smoking Status","Current"
2008,"New Jersey","Female","Middle School",39,1552,"Cigarette Use (Youth)","Smoking Status","Current"
2008,"New Jersey","Male","High School",211,1456,"Cigarette Use (Youth)","Smoking Status","Current"
2008,"New Jersey","Male","Middle School",45,1456,"Cigarette Use (Youth)","Smoking Status","Current"
2010,"New Jersey","Female","High School",191,1299,"Cigarette Use (Youth)","Smoking Status","Current"
2010,"New Jersey","Male","High School",170,1233,"Cigarette Use (Youth)","Smoking Status","Current"
2012,"New Jersey","Female","High School",77,933,"Cigarette Use (Youth)","Smoking Status","Current"
2012,"New Jersey","Male","High School",97,874,"Cigarette Use (Youth)","Smoking Status","Current"
2013,"New Jersey","Female","High School",77,933,"Cigarette Use (Youth)","Smoking Status","Current"
2013,"New Jersey","Male","High School",90,874,"Cigarette Use (Youth)","Smoking Status","Current"
2014,"New Jersey","Female","High School",140,1891,"Cigarette Use (Youth)","Smoking Status","Current"
2014,"New Jersey","Female","Middle School",12,1082,"Cigarette Use (Youth)","Smoking Status","Current"
2014,"New Jersey","Male","High School",171,1895,"Cigarette Use (Youth)","Smoking Status","Current"
2014,"New Jersey","Male","Middle School",13,975,"Cigarette Use (Youth)","Smoking Status","Current"
2015,"New Jersey","Female","High School",140,1891,"Cigarette Use (Youth)","Smoking Status","Current"
2015,"New Jersey","Female","Middle School",12,1082,"Cigarette Use (Youth)","Smoking Status","Current"
2015,"New Jersey","Male","High School",171,1895,"Cigarette Use (Youth)","Smoking Status","Current"
2015,"New Jersey","Male","Middle School",13,975,"Cigarette Use (Youth)","Smoking Status","Current"
2017,"New Jersey","Female","High School",63,1845,"Cigarette Use (Youth)","Smoking Status","Current"
2017,"New Jersey","Male","High School",95,1634,"Cigarette Use (Youth)","Smoking Status","Current"
2004,"New Mexico","Female","Middle School",93,851,"Cigarette Use (Youth)","Smoking Status","Current"
2004,"New Mexico","Male","Middle School",91,800,"Cigarette Use (Youth)","Smoking Status","Current"
2000,"New York","Female","High School",256,875,"Cigarette Use (Youth)","Smoking Status","Current"
2000,"New York","Female","Middle School",87,984,"Cigarette Use (Youth)","Smoking Status","Current"
2000,"New York","Male","High School",287,1157,"Cigarette Use (Youth)","Smoking Status","Current"
2000,"New York","Male","Middle School",97,994,"Cigarette Use (Youth)","Smoking Status","Current"
2002,"New York","Female","High School",410,1879,"Cigarette Use (Youth)","Smoking Status","Current"
2002,"New York","Female","Middle School",138,2183,"Cigarette Use (Youth)","Smoking Status","Current"
2002,"New York","Male","High School",366,1696,"Cigarette Use (Youth)","Smoking Status","Current"
2002,"New York","Male","Middle School",171,2163,"Cigarette Use (Youth)","Smoking Status","Current"
1999,"North Carolina","Female","High School",943,3174,"Cigarette Use (Youth)","Smoking Status","Current"
1999,"North Carolina","Female","Middle School",411,2935,"Cigarette Use (Youth)","Smoking Status","Current"
1999,"North Carolina","Male","High School",987,2956,"Cigarette Use (Youth)","Smoking Status","Current"
1999,"North Carolina","Male","Middle School",434,2715,"Cigarette Use (Youth)","Smoking Status","Current"
2002,"North Carolina","Female","High School",650,2529,"Cigarette Use (Youth)","Smoking Status","Current"
2002,"North Carolina","Female","Middle School",322,2730,"Cigarette Use (Youth)","Smoking Status","Current"
2002,"North Carolina","Male","High School",731,2453,"Cigarette Use (Youth)","Smoking Status","Current"
2002,"North Carolina","Male","Middle School",284,2700,"Cigarette Use (Youth)","Smoking Status","Current"
2004,"North Carolina","Female","High School",406,1578,"Cigarette Use (Youth)","Smoking Status","Current"
2004,"North Carolina","Female","Middle School",131,1470,"Cigarette Use (Youth)","Smoking Status","Current"
2004,"North Carolina","Male","High School",456,1589,"Cigarette Use (Youth)","Smoking Status","Current"
2004,"North Carolina","Male","Middle School",148,1509,"Cigarette Use (Youth)","Smoking Status","Current"
2005,"North Carolina","Female","High School",307,1548,"Cigarette Use (Youth)","Smoking Status","Current"
2005,"North Carolina","Female","Middle School",69,1574,"Cigarette Use (Youth)","Smoking Status","Current"
2005,"North Carolina","Male","High School",302,1461,"Cigarette Use (Youth)","Smoking Status","Current"
2005,"North Carolina","Male","Middle School",113,1588,"Cigarette Use (Youth)","Smoking Status","Current"
2009,"North Carolina","Female","High School",228,1665,"Cigarette Use (Youth)","Smoking Status","Current"
2009,"North Carolina","Female","Middle School",78,1909,"Cigarette Use (Youth)","Smoking Status","Current"
2009,"North Carolina","Male","High School",294,1531,"Cigarette Use (Youth)","Smoking Status","Current"
2009,"North Carolina","Male","Middle School",77,1801,"Cigarette Use (Youth)","Smoking Status","Current"
2011,"North Carolina","Female","High School",316,2525,"Cigarette Use (Youth)","Smoking Status","Current"
2011,"North Carolina","Female","Middle School",105,2699,"Cigarette Use (Youth)","Smoking Status","Current"
2011,"North Carolina","Male","High School",394,2139,"Cigarette Use (Youth)","Smoking Status","Current"
2011,"North Carolina","Male","Middle School",112,2546,"Cigarette Use (Youth)","Smoking Status","Current"
2013,"North Carolina","Female","High School",239,2149,"Cigarette Use (Youth)","Smoking Status","Current"
2013,"North Carolina","Female","Middle School",51,1943,"Cigarette Use (Youth)","Smoking Status","Current"
2013,"North Carolina","Male","High School",286,1822,"Cigarette Use (Youth)","Smoking Status","Current"
2013,"North Carolina","Male","Middle School",46,1917,"Cigarette Use (Youth)","Smoking Status","Current"
2015,"North Carolina","Female","High School",132,1624,"Cigarette Use (Youth)","Smoking Status","Current"
2015,"North Carolina","Female","Middle School",41,1692,"Cigarette Use (Youth)","Smoking Status","Current"
2015,"North Carolina","Male","High School",179,1701,"Cigarette Use (Youth)","Smoking Status","Current"
2015,"North Carolina","Male","Middle School",40,1745,"Cigarette Use (Youth)","Smoking Status","Current"
2017,"North Carolina","Female","High School",117,1495,"Cigarette Use (Youth)","Smoking Status","Current"
2017,"North Carolina","Female","Middle School",35,1596,"Cigarette Use (Youth)","Smoking Status","Current"
2017,"North Carolina","Male","High School",153,1550,"Cigarette Use (Youth)","Smoking Status","Current"
2017,"North Carolina","Male","Middle School",43,1528,"Cigarette Use (Youth)","Smoking Status","Current"
2003,"North Dakota","Female","High School",231,878,"Cigarette Use (Youth)","Smoking Status","Current"
2003,"North Dakota","Female","Middle School",101,818,"Cigarette Use (Youth)","Smoking Status","Current"
2003,"North Dakota","Male","High School",196,756,"Cigarette Use (Youth)","Smoking Status","Current"
2003,"North Dakota","Male","Middle School",78,850,"Cigarette Use (Youth)","Smoking Status","Current"
2005,"North Dakota","Female","High School",229,837,"Cigarette Use (Youth)","Smoking Status","Current"
2005,"North Dakota","Female","Middle School",54,546,"Cigarette Use (Youth)","Smoking Status","Current"
2005,"North Dakota","Male","High School",234,846,"Cigarette Use (Youth)","Smoking Status","Current"
2005,"North Dakota","Male","Middle School",35,588,"Cigarette Use (Youth)","Smoking Status","Current"
2007,"North Dakota","Female","High School",179,831,"Cigarette Use (Youth)","Smoking Status","Current"
2007,"North Dakota","Female","Middle School",72,1063,"Cigarette Use (Youth)","Smoking Status","Current"
2007,"North Dakota","Male","High School",183,804,"Cigarette Use (Youth)","Smoking Status","Current"
2007,"North Dakota","Male","Middle School",58,1007,"Cigarette Use (Youth)","Smoking Status","Current"
2009,"North Dakota","Female","High School",212,950,"Cigarette Use (Youth)","Smoking Status","Current"
2009,"North Dakota","Female","Middle School",78,1016,"Cigarette Use (Youth)","Smoking Status","Current"
2009,"North Dakota","Male","High School",227,971,"Cigarette Use (Youth)","Smoking Status","Current"
2009,"North Dakota","Male","Middle School",45,945,"Cigarette Use (Youth)","Smoking Status","Current"
2011,"North Dakota","Female","High School",160,896,"Cigarette Use (Youth)","Smoking Status","Current"
2011,"North Dakota","Female","Middle School",77,1021,"Cigarette Use (Youth)","Smoking Status","Current"
2011,"North Dakota","Male","High School",208,979,"Cigarette Use (Youth)","Smoking Status","Current"
2011,"North Dakota","Male","Middle School",41,978,"Cigarette Use (Youth)","Smoking Status","Current"
2013,"North Dakota","Female","High School",173,1035,"Cigarette Use (Youth)","Smoking Status","Current"
2013,"North Dakota","Female","Middle School",36,993,"Cigarette Use (Youth)","Smoking Status","Current"
2013,"North Dakota","Male","High School",150,971,"Cigarette Use (Youth)","Smoking Status","Current"
2013,"North Dakota","Male","Middle School",30,971,"Cigarette Use (Youth)","Smoking Status","Current"
2015,"North Dakota","Female","High School",100,905,"Cigarette Use (Youth)","Smoking Status","Current"
2015,"North Dakota","Female","Middle School",40,917,"Cigarette Use (Youth)","Smoking Status","Current"
2015,"North Dakota","Male","High School",129,954,"Cigarette Use (Youth)","Smoking Status","Current"
2015,"North Dakota","Male","Middle School",27,927,"Cigarette Use (Youth)","Smoking Status","Current"
2017,"North Dakota","Female","High School",90,946,"Cigarette Use (Youth)","Smoking Status","Current"
2017,"North Dakota","Female","Middle School",30,1107,"Cigarette Use (Youth)","Smoking Status","Current"
2017,"North Dakota","Male","High School",80,950,"Cigarette Use (Youth)","Smoking Status","Current"
2017,"North Dakota","Male","Middle School",22,1118,"Cigarette Use (Youth)","Smoking Status","Current"
2000,"Ohio","Female","High School",202,612,"Cigarette Use (Youth)","Smoking Status","Current"
2000,"Ohio","Female","Middle School",110,864,"Cigarette Use (Youth)","Smoking Status","Current"
2000,"Ohio","Male","High School",207,614,"Cigarette Use (Youth)","Smoking Status","Current"
2000,"Ohio","Male","Middle School",118,806,"Cigarette Use (Youth)","Smoking Status","Current"
2002,"Ohio","Female","High School",179,695,"Cigarette Use (Youth)","Smoking Status","Current"
2002,"Ohio","Female","Middle School",80,737,"Cigarette Use (Youth)","Smoking Status","Current"
2002,"Ohio","Male","High School",136,531,"Cigarette Use (Youth)","Smoking Status","Current"
2002,"Ohio","Male","Middle School",72,775,"Cigarette Use (Youth)","Smoking Status","Current"
2004,"Ohio","Female","Middle School",83,733,"Cigarette Use (Youth)","Smoking Status","Current"
2004,"Ohio","Male","Middle School",67,693,"Cigarette Use (Youth)","Smoking Status","Current"
2008,"Ohio","Female","High School",125,676,"Cigarette Use (Youth)","Smoking Status","Current"
2008,"Ohio","Female","Middle School",39,837,"Cigarette Use (Youth)","Smoking Status","Current"
2008,"Ohio","Male","High School",134,664,"Cigarette Use (Youth)","Smoking Status","Current"
2008,"Ohio","Male","Middle School",40,782,"Cigarette Use (Youth)","Smoking Status","Current"
2010,"Ohio","Female","Middle School",31,764,"Cigarette Use (Youth)","Smoking Status","Current"
2010,"Ohio","Male","Middle School",39,762,"Cigarette Use (Youth)","Smoking Status","Current"
2012,"Ohio","Female","Middle School",17,507,"Cigarette Use (Youth)","Smoking Status","Current"
2012,"Ohio","Male","Middle School",17,422,"Cigarette Use (Youth)","Smoking Status","Current"
2013,"Ohio","Female","Middle School",17,507,"Cigarette Use (Youth)","Smoking Status","Current"
2013,"Ohio","Male","Middle School",17,422,"Cigarette Use (Youth)","Smoking Status","Current"
2014,"Ohio","Female","Middle School",14,596,"Cigarette Use (Youth)","Smoking Status","Current"
2014,"Ohio","Male","Middle School",18,614,"Cigarette Use (Youth)","Smoking Status","Current"
2017,"Ohio","Female","High School",29,446,"Cigarette Use (Youth)","Smoking Status","Current"
2017,"Ohio","Female","Middle School",4,604,"Cigarette Use (Youth)","Smoking Status","Current"
2017,"Ohio","Male","High School",59,562,"Cigarette Use (Youth)","Smoking Status","Current"
2017,"Ohio","Male","Middle School",8,614,"Cigarette Use (Youth)","Smoking Status","Current"
1999,"Oklahoma","Female","High School",309,908,"Cigarette Use (Youth)","Smoking Status","Current"
1999,"Oklahoma","Female","Middle School",159,1004,"Cigarette Use (Youth)","Smoking Status","Current"
1999,"Oklahoma","Male","High School",291,916,"Cigarette Use (Youth)","Smoking Status","Current"
1999,"Oklahoma","Male","Middle School",175,980,"Cigarette Use (Youth)","Smoking Status","Current"
2000,"Oklahoma","Female","Middle School",120,791,"Cigarette Use (Youth)","Smoking Status","Current"
2000,"Oklahoma","Male","Middle School",142,756,"Cigarette Use (Youth)","Smoking Status","Current"
2002,"Oklahoma","Female","High School",204,930,"Cigarette Use (Youth)","Smoking Status","Current"
2002,"Oklahoma","Female","Middle School",94,994,"Cigarette Use (Youth)","Smoking Status","Current"
2002,"Oklahoma","Male","High School",238,914,"Cigarette Use (Youth)","Smoking Status","Current"
2002,"Oklahoma","Male","Middle School",104,935,"Cigarette Use (Youth)","Smoking Status","Current"
2005,"Oklahoma","Female","High School",146,651,"Cigarette Use (Youth)","Smoking Status","Current"
2005,"Oklahoma","Female","Middle School",104,876,"Cigarette Use (Youth)","Smoking Status","Current"
2005,"Oklahoma","Male","High School",159,702,"Cigarette Use (Youth)","Smoking Status","Current"
2005,"Oklahoma","Male","Middle School",65,819,"Cigarette Use (Youth)","Smoking Status","Current"
2007,"Oklahoma","Female","High School",316,1379,"Cigarette Use (Youth)","Smoking Status","Current"
2007,"Oklahoma","Female","Middle School",118,1667,"Cigarette Use (Youth)","Smoking Status","Current"
2007,"Oklahoma","Male","High School",361,1524,"Cigarette Use (Youth)","Smoking Status","Current"
2007,"Oklahoma","Male","Middle School",130,1686,"Cigarette Use (Youth)","Smoking Status","Current"
2009,"Oklahoma","Female","High School",163,864,"Cigarette Use (Youth)","Smoking Status","Current"
2009,"Oklahoma","Female","Middle School",62,1028,"Cigarette Use (Youth)","Smoking Status","Current"
2009,"Oklahoma","Male","High School",186,868,"Cigarette Use (Youth)","Smoking Status","Current"
2009,"Oklahoma","Male","Middle School",75,1071,"Cigarette Use (Youth)","Smoking Status","Current"
2011,"Oklahoma","Female","High School",174,1000,"Cigarette Use (Youth)","Smoking Status","Current"
2011,"Oklahoma","Female","Middle School",55,1578,"Cigarette Use (Youth)","Smoking Status","Current"
2011,"Oklahoma","Male","High School",191,1023,"Cigarette Use (Youth)","Smoking Status","Current"
2011,"Oklahoma","Male","Middle School",67,1633,"Cigarette Use (Youth)","Smoking Status","Current"
2013,"Oklahoma","Female","Middle School",74,1423,"Cigarette Use (Youth)","Smoking Status","Current"
2013,"Oklahoma","Male","Middle School",67,1531,"Cigarette Use (Youth)","Smoking Status","Current"
2016,"Oklahoma","Female","Middle School",63,1262,"Cigarette Use (Youth)","Smoking Status","Current"
2016,"Oklahoma","Male","Middle School",40,1223,"Cigarette Use (Youth)","Smoking Status","Current"
2001,"Pennsylvania","Female","High School",1180,4171,"Cigarette Use (Youth)","Smoking Status","Current"
2001,"Pennsylvania","Female","Middle School",502,3950,"Cigarette Use (Youth)","Smoking Status","Current"
2001,"Pennsylvania","Male","High School",1064,3956,"Cigarette Use (Youth)","Smoking Status","Current"
2001,"Pennsylvania","Male","Middle School",558,4163,"Cigarette Use (Youth)","Smoking Status","Current"
2002,"Pennsylvania","Female","High School",1208,5074,"Cigarette Use (Youth)","Smoking Status","Current"
2002,"Pennsylvania","Female","Middle School",383,4791,"Cigarette Use (Youth)","Smoking Status","Current"
2002,"Pennsylvania","Male","High School",1108,4946,"Cigarette Use (Youth)","Smoking Status","Current"
2002,"Pennsylvania","Male","Middle School",368,4904,"Cigarette Use (Youth)","Smoking Status","Current"
2006,"Pennsylvania","Female","High School",144,832,"Cigarette Use (Youth)","Smoking Status","Current"
2006,"Pennsylvania","Female","Middle School",30,706,"Cigarette Use (Youth)","Smoking Status","Current"
2006,"Pennsylvania","Male","High School",145,821,"Cigarette Use (Youth)","Smoking Status","Current"
2006,"Pennsylvania","Male","Middle School",29,737,"Cigarette Use (Youth)","Smoking Status","Current"
2008,"Pennsylvania","Female","High School",185,1159,"Cigarette Use (Youth)","Smoking Status","Current"
2008,"Pennsylvania","Female","Middle School",49,1158,"Cigarette Use (Youth)","Smoking Status","Current"
2008,"Pennsylvania","Male","High School",249,1205,"Cigarette Use (Youth)","Smoking Status","Current"
2008,"Pennsylvania","Male","Middle School",52,1184,"Cigarette Use (Youth)","Smoking Status","Current"
2010,"Pennsylvania","Female","High School",192,1100,"Cigarette Use (Youth)","Smoking Status","Current"
2010,"Pennsylvania","Female","Middle School",40,1241,"Cigarette Use (Youth)","Smoking Status","Current"
2010,"Pennsylvania","Male","High School",227,1158,"Cigarette Use (Youth)","Smoking Status","Current"
2010,"Pennsylvania","Male","Middle School",46,1237,"Cigarette Use (Youth)","Smoking Status","Current"
2014,"Pennsylvania","Female","High School",89,947,"Cigarette Use (Youth)","Smoking Status","Current"
2014,"Pennsylvania","Female","Middle School",21,1333,"Cigarette Use (Youth)","Smoking Status","Current"
2014,"Pennsylvania","Male","High School",115,1034,"Cigarette Use (Youth)","Smoking Status","Current"
2014,"Pennsylvania","Male","Middle School",12,1286,"Cigarette Use (Youth)","Smoking Status","Current"
2015,"Pennsylvania","Female","High School",89,947,"Cigarette Use (Youth)","Smoking Status","Current"
2015,"Pennsylvania","Female","Middle School",21,1333,"Cigarette Use (Youth)","Smoking Status","Current"
2015,"Pennsylvania","Male","High School",115,1034,"Cigarette Use (Youth)","Smoking Status","Current"
2015,"Pennsylvania","Male","Middle School",12,1286,"Cigarette Use (Youth)","Smoking Status","Current"
2001,"Rhode Island","Female","High School",198,785,"Cigarette Use (Youth)","Smoking Status","Current"
2001,"Rhode Island","Female","Middle School",83,773,"Cigarette Use (Youth)","Smoking Status","Current"
2001,"Rhode Island","Male","High School",194,722,"Cigarette Use (Youth)","Smoking Status","Current"
2001,"Rhode Island","Male","Middle School",59,813,"Cigarette Use (Youth)","Smoking Status","Current"
2003,"Rhode Island","Female","High School",193,1060,"Cigarette Use (Youth)","Smoking Status","Current"
2003,"Rhode Island","Female","Middle School",76,1181,"Cigarette Use (Youth)","Smoking Status","Current"
2003,"Rhode Island","Male","High School",162,990,"Cigarette Use (Youth)","Smoking Status","Current"
2003,"Rhode Island","Male","Middle School",81,1145,"Cigarette Use (Youth)","Smoking Status","Current"
2005,"Rhode Island","Female","High School",216,1101,"Cigarette Use (Youth)","Smoking Status","Current"
2005,"Rhode Island","Female","Middle School",59,1252,"Cigarette Use (Youth)","Smoking Status","Current"
2005,"Rhode Island","Male","High School",199,1145,"Cigarette Use (Youth)","Smoking Status","Current"
2005,"Rhode Island","Male","Middle School",63,1197,"Cigarette Use (Youth)","Smoking Status","Current"
2005,"South Carolina","Female","High School",136,629,"Cigarette Use (Youth)","Smoking Status","Current"
2005,"South Carolina","Female","Middle School",62,584,"Cigarette Use (Youth)","Smoking Status","Current"
2005,"South Carolina","Male","High School",150,558,"Cigarette Use (Youth)","Smoking Status","Current"
2005,"South Carolina","Male","Middle School",69,596,"Cigarette Use (Youth)","Smoking Status","Current"
2006,"South Carolina","Female","High School",115,707,"Cigarette Use (Youth)","Smoking Status","Current"
2006,"South Carolina","Female","Middle School",57,667,"Cigarette Use (Youth)","Smoking Status","Current"
2006,"South Carolina","Male","High School",131,589,"Cigarette Use (Youth)","Smoking Status","Current"
2006,"South Carolina","Male","Middle School",62,655,"Cigarette Use (Youth)","Smoking Status","Current"
2007,"South Carolina","Female","High School",96,613,"Cigarette Use (Youth)","Smoking Status","Current"
2007,"South Carolina","Female","Middle School",55,675,"Cigarette Use (Youth)","Smoking Status","Current"
2007,"South Carolina","Male","High School",108,498,"Cigarette Use (Youth)","Smoking Status","Current"
2007,"South Carolina","Male","Middle School",54,578,"Cigarette Use (Youth)","Smoking Status","Current"
2009,"South Carolina","Female","High School",103,558,"Cigarette Use (Youth)","Smoking Status","Current"
2009,"South Carolina","Female","Middle School",50,645,"Cigarette Use (Youth)","Smoking Status","Current"
2009,"South Carolina","Male","High School",128,510,"Cigarette Use (Youth)","Smoking Status","Current"
2009,"South Carolina","Male","Middle School",60,659,"Cigarette Use (Youth)","Smoking Status","Current"
2011,"South Carolina","Female","High School",142,674,"Cigarette Use (Youth)","Smoking Status","Current"
2011,"South Carolina","Female","Middle School",36,775,"Cigarette Use (Youth)","Smoking Status","Current"
2011,"South Carolina","Male","High School",174,662,"Cigarette Use (Youth)","Smoking Status","Current"
2011,"South Carolina","Male","Middle School",51,734,"Cigarette Use (Youth)","Smoking Status","Current"
2013,"South Carolina","Female","High School",118,805,"Cigarette Use (Youth)","Smoking Status","Current"
2013,"South Carolina","Female","Middle School",30,720,"Cigarette Use (Youth)","Smoking Status","Current"
2013,"South Carolina","Male","High School",114,724,"Cigarette Use (Youth)","Smoking Status","Current"
2013,"South Carolina","Male","Middle School",44,809,"Cigarette Use (Youth)","Smoking Status","Current"
2015,"South Carolina","Female","High School",58,719,"Cigarette Use (Youth)","Smoking Status","Current"
2015,"South Carolina","Male","High School",109,701,"Cigarette Use (Youth)","Smoking Status","Current"
2017,"South Carolina","Female","High School",74,663,"Cigarette Use (Youth)","Smoking Status","Current"
2017,"South Carolina","Female","Middle School",22,677,"Cigarette Use (Youth)","Smoking Status","Current"
2017,"South Carolina","Male","High School",87,674,"Cigarette Use (Youth)","Smoking Status","Current"
2017,"South Carolina","Male","Middle School",20,670,"Cigarette Use (Youth)","Smoking Status","Current"
1999,"South Dakota","Female","Middle School",94,941,"Cigarette Use (Youth)","Smoking Status","Current"
1999,"South Dakota","Male","Middle School",139,962,"Cigarette Use (Youth)","Smoking Status","Current"
2000,"South Dakota","Female","High School",263,755,"Cigarette Use (Youth)","Smoking Status","Current"
2000,"South Dakota","Male","High School",222,730,"Cigarette Use (Youth)","Smoking Status","Current"
2001,"South Dakota","Female","Middle School",133,1187,"Cigarette Use (Youth)","Smoking Status","Current"
2001,"South Dakota","Male","Middle School",141,1192,"Cigarette Use (Youth)","Smoking Status","Current"
2003,"South Dakota","Female","High School",240,957,"Cigarette Use (Youth)","Smoking Status","Current"
2003,"South Dakota","Female","Middle School",71,1196,"Cigarette Use (Youth)","Smoking Status","Current"
2003,"South Dakota","Male","High School",256,882,"Cigarette Use (Youth)","Smoking Status","Current"
2003,"South Dakota","Male","Middle School",82,1206,"Cigarette Use (Youth)","Smoking Status","Current"
2005,"South Dakota","Female","Middle School",96,1331,"Cigarette Use (Youth)","Smoking Status","Current"
2005,"South Dakota","Male","Middle School",115,1399,"Cigarette Use (Youth)","Smoking Status","Current"
2007,"South Dakota","Female","Middle School",103,1289,"Cigarette Use (Youth)","Smoking Status","Current"
2007,"South Dakota","Male","Middle School",65,1345,"Cigarette Use (Youth)","Smoking Status","Current"
2009,"South Dakota","Female","Middle School",95,1616,"Cigarette Use (Youth)","Smoking Status","Current"
2009,"South Dakota","Male","Middle School",103,1667,"Cigarette Use (Youth)","Smoking Status","Current"
2016,"South Dakota","Female","Middle School",41,1171,"Cigarette Use (Youth)","Smoking Status","Current"
2016,"South Dakota","Male","Middle School",23,1112,"Cigarette Use (Youth)","Smoking Status","Current"
2017,"South Dakota","Female","Middle School",36,1555,"Cigarette Use (Youth)","Smoking Status","Current"
2017,"South Dakota","Male","Middle School",29,1593,"Cigarette Use (Youth)","Smoking Status","Current"
1999,"Tennessee","Female","High School",253,688,"Cigarette Use (Youth)","Smoking Status","Current"
1999,"Tennessee","Female","Middle School",81,586,"Cigarette Use (Youth)","Smoking Status","Current"
1999,"Tennessee","Male","High School",257,716,"Cigarette Use (Youth)","Smoking Status","Current"
1999,"Tennessee","Male","Middle School",82,611,"Cigarette Use (Youth)","Smoking Status","Current"
2000,"Tennessee","Female","High School",1567,4958,"Cigarette Use (Youth)","Smoking Status","Current"
2000,"Tennessee","Female","Middle School",816,5162,"Cigarette Use (Youth)","Smoking Status","Current"
2000,"Tennessee","Male","High School",1506,4621,"Cigarette Use (Youth)","Smoking Status","Current"
2000,"Tennessee","Male","Middle School",873,5135,"Cigarette Use (Youth)","Smoking Status","Current"
2002,"Tennessee","Female","High School",1092,4152,"Cigarette Use (Youth)","Smoking Status","Current"
2002,"Tennessee","Female","Middle School",466,4274,"Cigarette Use (Youth)","Smoking Status","Current"
2002,"Tennessee","Male","High School",1095,3814,"Cigarette Use (Youth)","Smoking Status","Current"
2002,"Tennessee","Male","Middle School",496,4314,"Cigarette Use (Youth)","Smoking Status","Current"
2004,"Tennessee","Female","Middle School",440,4627,"Cigarette Use (Youth)","Smoking Status","Current"
2004,"Tennessee","Male","Middle School",445,4451,"Cigarette Use (Youth)","Smoking Status","Current"
2000,"Texas","Female","High School",255,1079,"Cigarette Use (Youth)","Smoking Status","Current"
2000,"Texas","Female","Middle School",133,1005,"Cigarette Use (Youth)","Smoking Status","Current"
2000,"Texas","Male","High School",364,1138,"Cigarette Use (Youth)","Smoking Status","Current"
2000,"Texas","Male","Middle School",142,975,"Cigarette Use (Youth)","Smoking Status","Current"
2003,"Utah","Female","High School",90,1220,"Cigarette Use (Youth)","Smoking Status","Current"
2003,"Utah","Female","Middle School",50,1430,"Cigarette Use (Youth)","Smoking Status","Current"
2003,"Utah","Male","High School",132,1310,"Cigarette Use (Youth)","Smoking Status","Current"
2003,"Utah","Male","Middle School",40,1300,"Cigarette Use (Youth)","Smoking Status","Current"
2005,"Utah","Female","High School",124,1678,"Cigarette Use (Youth)","Smoking Status","Current"
2005,"Utah","Female","Middle School",16,734,"Cigarette Use (Youth)","Smoking Status","Current"
2005,"Utah","Male","High School",203,1547,"Cigarette Use (Youth)","Smoking Status","Current"
2005,"Utah","Male","Middle School",11,703,"Cigarette Use (Youth)","Smoking Status","Current"
2007,"Utah","Female","High School",120,2106,"Cigarette Use (Youth)","Smoking Status","Current"
2007,"Utah","Female","Middle School",15,725,"Cigarette Use (Youth)","Smoking Status","Current"
2007,"Utah","Male","High School",201,1988,"Cigarette Use (Youth)","Smoking Status","Current"
2007,"Utah","Male","Middle School",16,682,"Cigarette Use (Youth)","Smoking Status","Current"
2000,"Vermont","Female","Middle School",103,723,"Cigarette Use (Youth)","Smoking Status","Current"
2000,"Vermont","Male","Middle School",70,725,"Cigarette Use (Youth)","Smoking Status","Current"
2002,"Vermont","Female","Middle School",201,2263,"Cigarette Use (Youth)","Smoking Status","Current"
2002,"Vermont","Male","Middle School",185,2255,"Cigarette Use (Youth)","Smoking Status","Current"
2004,"Vermont","Female","High School",161,693,"Cigarette Use (Youth)","Smoking Status","Current"
2004,"Vermont","Female","Middle School",44,853,"Cigarette Use (Youth)","Smoking Status","Current"
2004,"Vermont","Male","High School",149,695,"Cigarette Use (Youth)","Smoking Status","Current"
2004,"Vermont","Male","Middle School",55,847,"Cigarette Use (Youth)","Smoking Status","Current"
2007,"Virginia","Female","Middle School",36,775,"Cigarette Use (Youth)","Smoking Status","Current"
2007,"Virginia","Male","Middle School",38,802,"Cigarette Use (Youth)","Smoking Status","Current"
2009,"Virginia","Female","Middle School",35,1020,"Cigarette Use (Youth)","Smoking Status","Current"
2009,"Virginia","Male","Middle School",37,979,"Cigarette Use (Youth)","Smoking Status","Current"
2000,"West Virginia","Female","High School",325,800,"Cigarette Use (Youth)","Smoking Status","Current"
2000,"West Virginia","Female","Middle School",156,830,"Cigarette Use (Youth)","Smoking Status","Current"
2000,"West Virginia","Male","High School",268,744,"Cigarette Use (Youth)","Smoking Status","Current"
2000,"West Virginia","Male","Middle School",147,842,"Cigarette Use (Youth)","Smoking Status","Current"
2002,"West Virginia","Female","Middle School",815,4910,"Cigarette Use (Youth)","Smoking Status","Current"
2002,"West Virginia","Male","Middle School",746,4724,"Cigarette Use (Youth)","Smoking Status","Current"
2005,"West Virginia","Female","High School",189,653,"Cigarette Use (Youth)","Smoking Status","Current"
2005,"West Virginia","Male","High School",151,566,"Cigarette Use (Youth)","Smoking Status","Current"
2007,"West Virginia","Female","High School",150,563,"Cigarette Use (Youth)","Smoking Status","Current"
2007,"West Virginia","Female","Middle School",81,740,"Cigarette Use (Youth)","Smoking Status","Current"
2007,"West Virginia","Male","High School",175,580,"Cigarette Use (Youth)","Smoking Status","Current"
2007,"West Virginia","Male","Middle School",81,728,"Cigarette Use (Youth)","Smoking Status","Current"
2009,"West Virginia","Female","High School",172,822,"Cigarette Use (Youth)","Smoking Status","Current"
2009,"West Virginia","Female","Middle School",78,871,"Cigarette Use (Youth)","Smoking Status","Current"
2009,"West Virginia","Male","High School",193,814,"Cigarette Use (Youth)","Smoking Status","Current"
2009,"West Virginia","Male","Middle School",72,827,"Cigarette Use (Youth)","Smoking Status","Current"
2011,"West Virginia","Female","High School",174,840,"Cigarette Use (Youth)","Smoking Status","Current"
2011,"West Virginia","Female","Middle School",88,952,"Cigarette Use (Youth)","Smoking Status","Current"
2011,"West Virginia","Male","High School",189,792,"Cigarette Use (Youth)","Smoking Status","Current"
2011,"West Virginia","Male","Middle School",65,891,"Cigarette Use (Youth)","Smoking Status","Current"
2013,"West Virginia","Female","High School",131,781,"Cigarette Use (Youth)","Smoking Status","Current"
2013,"West Virginia","Female","Middle School",80,1105,"Cigarette Use (Youth)","Smoking Status","Current"
2013,"West Virginia","Male","High School",170,849,"Cigarette Use (Youth)","Smoking Status","Current"
2013,"West Virginia","Male","Middle School",83,1068,"Cigarette Use (Youth)","Smoking Status","Current"
2015,"West Virginia","Female","High School",126,839,"Cigarette Use (Youth)","Smoking Status","Current"
2015,"West Virginia","Female","Middle School",37,953,"Cigarette Use (Youth)","Smoking Status","Current"
2015,"West Virginia","Male","High School",135,770,"Cigarette Use (Youth)","Smoking Status","Current"
2015,"West Virginia","Male","Middle School",45,887,"Cigarette Use (Youth)","Smoking Status","Current"
2017,"West Virginia","Female","High School",70,719,"Cigarette Use (Youth)","Smoking Status","Current"
2017,"West Virginia","Female","Middle School",49,977,"Cigarette Use (Youth)","Smoking Status","Current"
2017,"West Virginia","Male","High School",69,640,"Cigarette Use (Youth)","Smoking Status","Current"
2017,"West Virginia","Male","Middle School",36,1007,"Cigarette Use (Youth)","Smoking Status","Current"
2000,"Wisconsin","Female","High School",234,668,"Cigarette Use (Youth)","Smoking Status","Current"
2000,"Wisconsin","Female","Middle School",90,706,"Cigarette Use (Youth)","Smoking Status","Current"
2000,"Wisconsin","Male","High School",190,613,"Cigarette Use (Youth)","Smoking Status","Current"
2000,"Wisconsin","Male","Middle School",81,682,"Cigarette Use (Youth)","Smoking Status","Current"
2002,"Wisconsin","Female","High School",177,697,"Cigarette Use (Youth)","Smoking Status","Current"
2002,"Wisconsin","Female","Middle School",53,611,"Cigarette Use (Youth)","Smoking Status","Current"
2002,"Wisconsin","Male","High School",180,628,"Cigarette Use (Youth)","Smoking Status","Current"
2002,"Wisconsin","Male","Middle School",55,645,"Cigarette Use (Youth)","Smoking Status","Current"
2003,"Wisconsin","Female","Middle School",57,877,"Cigarette Use (Youth)","Smoking Status","Current"
2003,"Wisconsin","Male","Middle School",59,917,"Cigarette Use (Youth)","Smoking Status","Current"
2004,"Wisconsin","Female","High School",159,729,"Cigarette Use (Youth)","Smoking Status","Current"
2004,"Wisconsin","Female","Middle School",53,782,"Cigarette Use (Youth)","Smoking Status","Current"
2004,"Wisconsin","Male","High School",136,675,"Cigarette Use (Youth)","Smoking Status","Current"
2004,"Wisconsin","Male","Middle School",71,844,"Cigarette Use (Youth)","Smoking Status","Current"
2006,"Wisconsin","Female","High School",155,839,"Cigarette Use (Youth)","Smoking Status","Current"
2006,"Wisconsin","Female","Middle School",59,936,"Cigarette Use (Youth)","Smoking Status","Current"
2006,"Wisconsin","Male","High School",180,851,"Cigarette Use (Youth)","Smoking Status","Current"
2006,"Wisconsin","Male","Middle School",47,899,"Cigarette Use (Youth)","Smoking Status","Current"
2008,"Wisconsin","Female","High School",170,922,"Cigarette Use (Youth)","Smoking Status","Current"
2008,"Wisconsin","Female","Middle School",32,734,"Cigarette Use (Youth)","Smoking Status","Current"
2008,"Wisconsin","Male","High School",215,945,"Cigarette Use (Youth)","Smoking Status","Current"
2008,"Wisconsin","Male","Middle School",34,800,"Cigarette Use (Youth)","Smoking Status","Current"
2010,"Wisconsin","Female","High School",158,883,"Cigarette Use (Youth)","Smoking Status","Current"
2010,"Wisconsin","Female","Middle School",33,916,"Cigarette Use (Youth)","Smoking Status","Current"
2010,"Wisconsin","Male","High School",143,832,"Cigarette Use (Youth)","Smoking Status","Current"
2010,"Wisconsin","Male","Middle School",40,948,"Cigarette Use (Youth)","Smoking Status","Current"
2012,"Wisconsin","Female","High School",86,752,"Cigarette Use (Youth)","Smoking Status","Current"
2012,"Wisconsin","Female","Middle School",25,869,"Cigarette Use (Youth)","Smoking Status","Current"
2012,"Wisconsin","Male","High School",111,758,"Cigarette Use (Youth)","Smoking Status","Current"
2012,"Wisconsin","Male","Middle School",19,854,"Cigarette Use (Youth)","Smoking Status","Current"
2016,"Wisconsin","Female","High School",36,556,"Cigarette Use (Youth)","Smoking Status","Current"
2016,"Wisconsin","Female","Middle School",17,783,"Cigarette Use (Youth)","Smoking Status","Current"
2016,"Wisconsin","Male","High School",56,608,"Cigarette Use (Youth)","Smoking Status","Current"
2016,"Wisconsin","Male","Middle School",3,785,"Cigarette Use (Youth)","Smoking Status","Current"
2000,"Wyoming","Female","Middle School",126,944,"Cigarette Use (Youth)","Smoking Status","Current"
2000,"Wyoming","Male","Middle School",129,829,"Cigarette Use (Youth)","Smoking Status","Current"
